r,Angle
3.4118665385993197,168.12716910510096
1.8530095995036284,159.37555264422966
1.2972380232350387,73.27505077840064
1.5225859810183446,62.89411695097562
0.32610664954573204,156.87945246422714
1.166454964195536,191.2357253691267
0.41294432231211536,141.0126851907698
0.7215505597688043,118.19444344325784
1.4648950568327053,20.736804282494656
2.4333935622809264,19.326330874790894
1.4691243603940702,56.028309055659385
1.3836195346048137,115.09008200749983
1.660481708068427,142.15003304203952
0.5312744542943605,156.41754882089535
1.2460396371465805,168.63927070761244
1.412149078255589,168.2699576887463
0.44942015893028164,208.54195870078124
4.083136827097815,34.24820129312453
0.3655114857325682,155.16129606765872
2.675184820857863,165.39778818051067
1.844266248930609,151.22882122148428
0.9605890796788525,62.150316654500045
1.1909765902224583,146.38168209541257
0.7912090518342341,17.402300461162007
1.4599822701469662,35.67254975160821
2.129712648380366,152.11826404067153
0.7678259192575058,124.62356878893729
1.323602487026277,177.27799231071117
2.423471256964838,194.57898848005786
1.539979261918203,179.94290713859334
1.0700285189776313,175.55119223691275
1.7498120902144398,181.65382467336076
1.5041343253746433,205.8447265809564
1.498221433142164,160.4914104002933
0.4349800255372547,114.55544482325374
1.618352720282599,177.35348307113193
1.0682381273880621,169.36719246117255
1.4981170038106122,177.75269715891272
0.8014560744638027,173.36128528538677
0.9850885759507733,172.2871777356476
2.5126237441232973,358.5558743991478
0.5831321875091645,198.40307141724261
0.39642516781919623,257.44210527694054
1.0155893072082172,162.14480533406305
0.16733959162999384,17.018896740862516
3.2078519474840648,359.349873602717
1.9860026622841338,47.106010735291186
1.6919262387572127,42.155444491143484
0.6303598884869709,165.40557151144063
0.8669071015161057,171.66306483758427
0.3496633346865868,306.96297755865567
0.6365817283306274,195.16610754272378
0.3647446897978966,214.52383560596928
1.0623570556617323,184.34972249307023
1.0355437463882653,180.09098173315178
2.0805212864816367,13.348451627497642
2.1124801181654336,15.528033564050839
2.024580005803756,38.87825737341343
2.3701376955573905,53.51841542234921
1.5216804748014676,23.84065050184824
2.1164024199280678,47.53913994023651
2.1857334086221707,49.39465438549243
1.8645851032589313,36.93358340829212
2.020070153452282,51.150861816353874
1.3533638321400963,55.12704023927545
1.1845747066800363,323.98656726466606
1.2308957091660004,71.68100954779919
2.3016982580533756,46.45913223053865
0.3739688774745276,101.97328733321255
1.9125338964228449,326.315965971215
1.9343033195409516,324.1016697091868
1.9343033195409516,324.1016697091868
2.0080361264865507,325.99210791859764
1.9768412167577982,322.4594685829237
2.017479528460453,324.22049478675694
2.0456777281559804,326.88573980896234
1.3085601840967918,339.58196067703096
1.8404860223543082,326.9791495213533
1.9030106283565738,324.9760625811375
1.9476310046160703,324.1131249083274
1.796028400285782,325.8705530851692
1.949482057189472,326.36414073877705
1.9476310046160703,324.1131249083274
1.4876856618410659,348.48796989051107
1.8989733011865424,331.17283261404594
1.8900098459180172,330.2803421727879
2.0456777281559804,326.88573980896234
1.9137335419478905,325.3561108177999
1.9655047518952204,324.2592508584301
1.8261691175713448,331.66010685043267
1.735954750175422,327.07391666384285
1.9476310046160703,324.1131249083274
2.0456777281559804,326.88573980896234
1.8839768477875347,327.59159258502615
1.8323638823886743,328.22489398430184
1.9569055323355835,323.62423620712025
1.7955343074517254,326.59467292849047
1.9342293241068975,334.60627245321774
1.9476310046160703,324.1131249083274
1.9343033195409516,324.1016697091868
1.2818660482250495,342.4863733259234
0.967910629972309,34.97868252339112
1.5680554518925989,334.09512328371517
1.8355303053945469,326.57681542368954
1.9343033195409516,324.1016697091868
1.9569055323355835,323.62423620712025
1.9343033195409516,324.1016697091868
2.0050231923555337,329.3145648892514
1.145748681707143,314.8603419673725
1.9543281254128688,330.0812845126889
2.3988145996919052,329.2599732582091
2.446970253796444,324.14941088425985
2.3124191251729593,327.34519987362535
2.3106134536914245,331.75417577783
2.4882540829107374,335.44070172977274
2.0941465493986593,328.6541100473664
2.4117684986632373,325.36822660711283
2.503964843467372,329.636630350203
2.4104946685384316,332.01651648647874
2.2421630666503645,328.2773170417596
2.3412204454454577,318.15177636673525
2.4669845055619057,325.87968995723435
2.423990672865398,324.9634955262843
2.5737373180418324,318.0661962950009
2.4879972636545973,331.8993754003825
2.2613071335385673,319.17800246568606
2.0141479372835525,314.7254855016535
2.4609184155536195,327.0541064762931
2.4692808198213396,323.4165073890763
2.2497321343996206,318.51652685743716
2.4182504674784164,325.12626936269953
2.48442043659495,320.44302185441677
2.4920251295309894,325.2208966359676
2.4996605255971294,330.29680129586023
2.171138028522187,334.1505165282309
2.4481961162530603,332.837000425012
2.1492628525088753,332.6168724511309
2.530493521433286,330.32009029942384
2.478852234094096,328.1090772208833
2.8391432326799286,309.60194913926574
2.5019094220038243,332.7735596792699
2.477674070289992,333.8203849184877
2.3346515957650613,330.0283630079179
2.1082234264402593,329.2087387438574
2.489285253914091,334.1034571804293
2.336429616608863,335.0657953462743
2.3212028145051993,334.7612312182944
2.430404074428848,333.75122753994185
1.201470796713663,321.32349243743465
1.6194304978958134,317.08602878267436
1.353506960686473,323.828701557791
1.7226928158117074,317.976775599782
1.6170366973252457,317.3788750742701
1.3465815352858974,320.68966402498404
1.715215912185858,316.7061784788943
1.682661366836475,318.79627054587894
1.6459934378153016,318.60183589209646
1.742264224756671,318.1500884053473
1.7122582738381475,319.0500153503352
1.7886090289093488,319.04351307515986
1.6410433643423135,318.47346989410727
1.9243982808103064,314.0799301754668
1.8950530116212736,318.0951043129521
1.6493303457949384,319.4450926145595
2.1760311433235433,317.18774661428034
1.7138890477669115,321.6911828559188
1.9082620633043899,317.4237117120581
1.4249476500619294,326.2166873012768
1.6096749817625355,322.9811953215021
1.8866327383550143,317.37257293566915
1.6180441262593817,321.9966658306648
1.7957108215896502,316.8075761474655
1.9553903469987273,317.48976974080443
1.5651968934549116,325.2069086809937
1.9025711980747624,320.3425761113968
1.7649259185624873,318.1936101279846
1.9840090863047408,316.18512398352414
1.500340387551051,323.57807160499215
1.5345949510276247,322.46958363436755
1.733521757687376,319.6563861086918
1.494893394104003,323.3619922508541
1.676411394906872,321.4598225925355
1.8709890396797615,319.0566554818739
1.5288881417173654,322.8271785086748
1.690214962942483,318.1360386304866
1.725993767682485,318.3763502019533
1.5150413181037614,323.1025201738938
1.4796415986216434,324.8959557672617
1.5769944630772927,356.06994953093806
1.3082729745170696,3.649960256151125
1.2052199037949234,1.4778178205373382
1.2114229518125605,357.71246932311305
1.237838223159333,1.4386380732626933
1.298225954885646,5.733584482414508
1.1769991612338886,2.9244123042575905
1.176352971745052,2.6970899114794595
1.1769991612338886,2.9244123042575905
1.1737189974636497,0.34699723231499763
1.2181297813707253,3.328519215802269
1.1801650761689624,1.9230957036845095
1.1688570285846591,358.4047319824117
1.2127760416929751,1.87113172352481
1.3150391061336788,5.54633687245289
1.1769761183640617,359.09893345623885
1.1848709745916348,3.1949091657896114
1.2325822720177846,357.6317689143708
1.0992542307071664,351.65353477360276
1.1799176107956824,2.794626785654063
1.1006544273550305,354.57728513792557
1.1914965298509057,0.06777452443306413
1.1182932217269352,358.72694584506144
1.0449723340620498,0.09768572592614172
0.8132122268162789,6.138537622654759
0.9944272437958086,0.7541800590383635
1.1969272010261796,358.9621257036056
1.0045498098863812,0.7436642900872661
1.2591112680502863,6.167924499938434
1.1848709745916348,3.1949091657896114
0.9314296688473559,0.07199701163202907
1.2174503600343978,3.109093592818033
1.2736064297694398,5.24482088675157
1.034136397739298,4.443025170077056
1.1641099445358452,1.3598335871431935
1.0212601626628055,5.686447509369136
0.7745547340091073,25.80961788855712
1.169550283368377,3.9960465245055636
0.6392704548948368,11.060913033993808
0.8869591644935999,8.170973331643816
2.106767462833079,340.93013701700374
1.447481068692898,351.69361102626124
1.2353803521285387,356.3076602691142
1.303172480618797,11.766065227334842
1.1922333075248837,12.387674733452442
1.45094985577479,1.9591777275623217
1.1992658499012563,18.316961261610857
1.2125787962312535,19.435116934998526
1.1510917669702831,16.460700263284632
1.1845622562892777,21.08671032639985
1.2371487070551137,9.67604145208962
1.2765645448549594,13.7432519585277
1.2221366453725364,14.11323016684533
1.2128964266345559,18.826686170468044
1.2221366453725364,14.11323016684533
1.1845622562892777,21.08671032639985
1.183518208534128,2.4127874454994402
1.2191544797278597,6.263754992185319
1.2178060482212907,15.347785162084225
1.1770843528049695,20.971374812981974
1.2351045785217722,8.26857178918651
1.237518213739379,2.5038169063652425
1.04922011412772,21.244583004929908
1.2189275157411985,4.83336752049896
1.1770843528049695,20.971374812981974
1.2182370470420465,6.046416559867328
1.2182370470420465,6.046416559867328
1.220596135556344,13.904281933097884
1.2161698969962718,15.139697065623887
1.2245416330303616,21.190965095635388
1.1845622562892777,21.08671032639985
1.1845622562892777,21.08671032639985
1.1845622562892777,21.08671032639985
1.2326343337542682,20.476333898732204
1.2161698969962718,15.139697065623887
1.1770843528049695,20.971374812981974
1.2182370470420465,6.046416559867328
1.187430323002752,19.80588208708934
1.187430323002752,19.80588208708934
1.1770843528049695,20.971374812981974
4.863691918556886,248.12494433559655
2.668482361916211,348.6081119249594
1.8623549414675673,341.565368683056
1.6909798423869067,341.0525657708025
1.9408940464593114,345.44343919475045
1.8812284356184548,342.1077459600936
1.3583129649893964,328.40897528866327
1.6601232041502563,337.5260929630997
1.5991960891908745,340.2041759412979
1.6129706792100553,340.31424642846594
1.5233897011687063,346.2970077427078
1.4496272197004998,333.03653230286466
1.5105445773426573,335.6456588893084
1.621029327259286,337.5479303881706
1.4378509658686547,346.09852082564873
1.31977058761906,352.14189408118176
1.2105990001071325,346.2203882712244
1.4127769577486538,347.943369136412
1.5233897011687063,346.2970077427078
1.588557309222469,341.85634715278763
1.5991960891908745,340.2041759412979
1.5343745249689569,344.90015475755325
1.4276816938983168,347.5983125207185
1.6241273490937735,341.3907000705313
1.4149181024670334,348.50346868104407
1.4751812357401364,347.2591003145693
1.357012241853361,350.06607861126395
1.4237593575456335,345.84175078428666
1.5485014593214972,348.0416177470973
1.5233897011687063,346.2970077427078
1.2662895663717493,345.2955326647045
1.1376011519459062,15.802123518684942
0.8127698590673825,30.426861136369872
1.3943321608849704,346.85363225944315
0.7733200162030293,357.681840282873
1.0100884085276305,7.583495688439924
1.2999847961025432,348.6300988167555
1.3943321608849704,346.85363225944315
0.8628049250974213,27.584162436670077
1.2203214307711059,358.9547365170756
0.8872714218314427,22.81191583529126
1.8683525573217536,343.228210075572
1.411493755852067,332.2899140942436
1.8280270599937274,339.8089789367043
1.5105445773426573,335.6456588893084
1.775841615613317,348.89395898656755
1.5955547586915404,337.70472250919534
1.855466923956638,342.3403887629696
1.2503947502117103,322.01779783942675
1.619019020192445,338.93180619982473
1.187740722848821,327.3482425977253
1.3228457856546292,317.22606598274706
1.036158689811552,294.8860971481039
1.504944998949028,330.3259816704075
1.122051052382315,305.18113907241957
1.5517098060171373,347.4355337593097
1.194307718220405,315.9645317127582
1.4070665399442075,322.5282165416561
1.0697983642712294,303.445963993305
1.1902207733836982,355.0770327564006
1.1553519322028503,310.5578934247359
1.2089966937838799,313.305999289465
1.0954275458392573,300.9521219690393
1.1492786123578733,309.3697310272147
1.194307718220405,315.9645317127582
1.1690559723090892,299.60534515732473
1.0551752092955453,301.61302313975347
1.4821749557177453,325.95077917625673
1.5517098060171373,347.4355337593097
1.5441510088602142,327.7097391900198
1.5517098060171373,347.4355337593097
1.5474578483216987,349.05463206321065
1.5991960891908745,340.2041759412979
1.6443942234957232,338.75827357295196
1.6248410326426066,337.9863891927006
1.7801367301795399,347.4830018091685
1.152432461762416,310.4549356205697
1.3511182396257466,326.11431374379447
1.313635413118606,322.5721526600711
1.4947388786932243,329.359752137166
1.4813391252002885,347.88766446521225
1.3866454874302059,318.6221888704454
0.9963516718288538,294.7998844756782
0.999069317397511,329.03397502095726
1.1558560713834147,314.1808075921483
1.2190075199232215,280.88700252475746
1.0007930645841818,297.91548095661597
1.1745110087551252,309.1319451292929
1.0246993271922824,290.75182085083486
1.1889765713465343,312.98199588433727
0.9828706374658823,291.0338493768482
1.2524538947840913,279.82267889528214
1.1587762211030905,283.2546789270058
1.412864294755567,281.9660337014022
1.0391860335523695,292.23182940230186
1.1092893729556053,296.77082149312184
0.9932969797287635,326.5677686530421
0.743441702513432,49.92456081466236
0.9091563183024997,290.7711297785018
1.2820799424400366,295.93931024060845
0.7021729990457547,302.2243893049316
0.773398553838734,305.26912937432803
0.8837443103687744,282.0277969871993
1.3234154495055948,297.492646283181
0.9496746769593206,289.29380907701005
0.6906820302928905,319.3064032389125
1.0028437613888272,289.860333589187
0.4353535707231206,27.81255582445855
1.0327566433914803,306.9873343093167
0.8942029303817041,297.83048829639165
0.9893660962684688,290.3801370019668
1.1998629902659708,300.7185008621637
0.9175463595322925,293.7115672082672
1.2960846281121101,309.7424208330179
0.9131452805615089,294.85691158923913
0.5482341519918555,310.4165452408876
0.9759011290038238,288.81637315531844
1.2747743962978075,287.84526946927747
0.9282948334487322,284.1006345155027
1.1998629902659708,300.7185008621637
1.1539803902729309,277.94954652058607
0.9033406481515959,142.0653401532352
1.4854238052682458,184.21649588030814
0.7345116822536466,163.23151245634367
2.529234563815497,167.24814384166717
2.9391318300766986,199.77638073147156
4.3335764793428915,179.21972385355653
2.430622153521889,182.73074545285522
3.3806782111962326,178.81730142860866
4.689681718524983,192.70011298846316
0.6683970891998711,47.23232427087151
0.6738677402946062,39.07235963738636
0.9260340489476014,4.201743517558489
1.1622472154264196,59.26313371594772
0.872555758578298,29.116535416304504
0.8567231453423423,21.40946008739658
0.6460739221970799,39.279859091886
1.0114234589736517,39.95719438279788
0.6602143892253814,43.09511383477661
0.5191408108853811,15.684682140260016
1.7885061776013014,76.84763903532834
0.5225581070317077,70.60277113456318
0.8344269750325117,56.79840452220382
0.7683412847733937,122.54931249236115
0.3631523616356531,133.93934450446253
1.6838147420405776,59.431369065351696
0.6329494759174185,121.09854347007554
0.17398159832313442,29.062158659623197
1.6248923305654366,90.08870821250338
1.8819486532674055,129.1773876449316
2.480382341746623,127.29994697569711
1.958786915893612,149.51471871089916
2.4661601118084473,129.82033441799132
1.2792519583728166,169.70045981670404
1.8356955712901202,64.16989411455135
1.1237243345989578,112.99336810572049
1.750444906534844,64.63100719468576
1.7817315110883667,70.21374539725606
2.0607343543080776,82.935180701618
1.0655862336315078,136.97495875073798
2.5184589219729077,106.27718736038616
1.654079432591473,161.79598313995442
1.0353474859027494,30.318653242897266
1.5779297771280367,165.74934597886568
1.510151653431417,106.42474944487815
1.7061291849996219,134.24415959955826
1.0687614391702467,50.25152717571674
1.318408948088437,68.44656054537946
1.3072668990246645,80.72873438673165
1.865985329492194,119.28943373956156
1.984507479334905,60.827613871451646
2.4809539805018526,149.1223719828055
2.6738694031337493,107.98391807154329
1.674323487848546,160.1395699940545
1.7471615472471715,86.47718750677333
1.4611622966088322,111.86438274453478
1.9827768585737418,100.79009674813142
2.2398833155295215,137.34588785433988
2.148154632434164,88.73633754848223
1.9258055753146068,189.39339903507405
1.8481371076554025,105.4927305884986
1.89038548464352,81.44841787664944
1.7344896186437477,160.63345106369474
2.033952593577394,98.27869834489714
1.6679755545710468,170.50027274647084
1.4198030470988956,82.54480971989862
2.047026106872526,164.22720992955522
2.469663294972718,106.3953623382979
1.2814019150396112,146.51893940842288
2.529257962195473,107.48490711250213
2.637762327718955,147.9504770993926
1.5315805029492522,65.03849452730557
0.7838164533783242,274.8069702320975
2.4801478536463906,56.261879281230755
1.154804061637706,220.54819455550697
0.7884522004674327,318.6581569464363
0.33571730925904375,304.8871511913157
1.500661477539864,278.60587086083217
0.7225064556507238,236.6912201108767
1.0571796129327917,36.52096877910463
0.8279276226762607,223.95746973418474
0.8285801489880469,28.76375246069829
0.5644200079829697,229.3815637447617
0.7671246379660446,38.32161182482285
0.4624033192795046,12.100577393495929
1.8910119782882469,58.34218118627932
0.6033791966004185,254.23978185805814
0.6557840845088282,12.30155136005574
1.3189109680088882,211.64852374111788
1.8888943415480044,57.419682987596666
0.7397274572007154,14.10292772665612
0.8645875791981579,128.6791999093308
0.4132593931778694,55.13364499433176
1.4966100055944298,67.25801869611531
0.4628409777701558,222.32594503514392
0.5283446074223561,55.39121791294033
0.39584148856603346,176.38737368168717
1.1942399325693855,58.73788166027853
0.5696549666409287,222.274963414227
0.30247453404151975,189.24020822061973
0.46385959288672673,256.3818719793657
1.678495202106066,95.02768711653
0.13119967752323666,110.67756259025612
0.6146168583737782,66.32545349690852
0.24781444228920652,149.1146021989858
0.5345727211798624,181.66797942200958
0.34606697801707825,205.1539972844783
0.75752266511265,47.769454606031395
0.4854862081131202,39.52580023079136
0.632031233971307,70.1840118767029
0.9117658401971673,12.45562607807903
0.8753599377737271,77.74827570564162
0.4761777893590455,10.100708350605023
0.8637037234835943,335.6983487443478
0.8142606348062469,302.27071032722955
0.43991560559072806,331.94011265660214
0.7552648390092762,306.4774834973648
0.35782660964966656,280.143851929229
0.916460101724881,292.2219364033324
0.7664061625314322,329.65346388661123
0.39050569294785764,19.575542841721457
0.3241931943429889,331.7712187512539
1.565967566372331,60.2909322965575
1.0256306939467128,261.662825154093
0.7784424734378048,272.3840701057335
0.8856341406980768,275.0505376281453
1.6985810767163259,56.64861145233642
0.44542778533612704,325.92284685075475
0.7935203834635876,299.27699991146096
0.8296801932993588,303.1541404495166
1.0484603307744857,275.73000885866213
0.7492053264295632,297.87583325634205
2.523840486400206,56.37505589037636
1.0145344549764095,275.24174060309923
1.6999741758427223,265.3020472416361
0.5999150869208976,288.02254137642063
2.023822160218254,57.57803141912066
0.1647798899730022,317.48651930215544
0.8368596341792024,77.98518440883666
0.33296155190554705,329.4065417627484
1.1934376477112598,274.72081569921625
0.4955886567812102,316.78926358068236
1.5627542685662315,57.90624196422669
0.7319690590615393,276.05256612606235
1.8189284752353687,58.0067210230131
0.6290886876264723,278.5505392519514
1.8632834188335368,58.54102528204502
0.7984328377419364,14.885837716978969
0.8387842901594805,313.343900915856
0.5766334063598545,317.8870440066661
1.1177650212208914,276.5085661761733
1.8536883299484228,334.09615322007517
1.1201394048039708,49.76918979406912
1.5074730464950912,336.03037924886723
1.7437594155113887,142.48431888424145
0.8597008990896019,13.915850179872843
1.583666876335027,133.01822362581137
0.8470014132680707,351.8608980118093
1.195093001160277,137.68421323984518
0.8744669274527102,21.675901139965713
2.222131148995858,81.60710690527914
0.6989215341895576,12.856200994002632
1.1380425601705813,109.84408946311365
0.6265798655491858,32.060937501683874
2.40595894623019,104.50035818300944
1.0704078937445596,45.708838898540094
1.2790908791692779,67.63682813397024
0.8391262595899488,50.52158375898096
2.9422276229656292,76.50458807780952
0.7823429723583595,26.274783973076165
2.2563218942093384,114.1471367298836
1.0890433879598256,44.43845911409322
1.0087626657369388,63.64026362874076
0.7694879040600215,10.629591252013766
1.434798817149295,85.8180459608248
1.043599951898596,39.42931807046201
2.2528241597185543,107.22724096332308
0.8923752510651515,29.121371913642367
1.6544089546874354,129.56529730106413
0.9446640175183828,25.151777632079302
1.093330291177339,53.08300918426613
0.891021239462745,43.1931584746949
1.489665733692746,162.7314994628806
1.1157773121842773,56.61522338575155
1.6149605261121538,128.3764475475137
1.009861759905456,27.408762795923263
1.5365672435315814,135.87012488495338
0.8944037542682676,28.718182120014262
1.243656076232663,130.37304127265776
1.1523262923702031,35.58146123932642
1.25927095725277,131.60933783127993
1.7213091244021452,329.7470060852381
1.1744561977637615,61.74011699574215
1.663214855023435,329.31461541325496
0.9632246925649942,41.64527156311733
1.6244495680709026,335.8925600962651
2.858089706998594,89.37688733784042
1.5328969085949498,335.75625693414224
0.9790486906698171,57.85882285140398
1.1996546293971497,334.24218162939644
1.632055025159768,99.89578643870618
1.5288676612642655,324.55829004968984
0.8715699941662637,45.414274639118005
1.388909694844155,320.1790041064333
1.9305433762244304,78.2975059994311
1.488958109803404,322.81833553058624
2.5400431245918047,90.08008751805467
0.6902111654088567,357.10185588171714
2.5947219801088597,94.30192713989709
0.8690979727979915,324.6070631438425
1.626384338346535,84.86671083785473
0.7825933896062605,340.58554643660307
2.521911673732669,74.85618702653011
0.9799200942698153,348.37319794216
2.4768813758973787,74.62313359997256
1.435553460640824,322.76476984568626
2.4996067769173074,94.16415387483
0.8690979727979915,324.6070631438425
1.5612736466258421,93.67029188584954
0.7886711205956394,33.76345225020936
2.312090528903251,74.55123161050568
0.656176974802169,9.29706872747214
2.116020072445572,88.02300749579962
1.2767315298343145,45.877694362055
1.3972576954044098,90.77469934156292
0.7677349624977262,23.5150184299194
0.8203020402152416,52.17364323749489
0.7321871457387209,344.96817944692174
1.007377560048343,41.03198104273044
1.1781643066893628,324.60867544969483
1.4850691661697841,95.57288006405489
1.5278827617028294,330.90752630899453
2.3280776836942785,104.08014865513988
1.2290631654826045,335.2865545597897
0.3313848638967862,9.941371581371115
0.9875297695025931,319.68945345549315
2.076436086799333,76.90629282823312
1.664421997818049,127.00533061107434
1.5352289092410045,328.0023464770108
1.1364733258407953,73.73230860040395
1.4539168439910974,328.6725875875398
2.2750212657063154,72.37751542763368
1.0477093482560889,250.71842384277753
0.844944416402677,330.8633711868866
2.4928164173689957,73.72272469694552
0.45494621831986054,171.14658627558984
0.8512694026749799,330.07039615603685
1.6983920933909555,65.97300381267328
1.6523148553790403,100.87398128417955
0.7441380044390432,332.67978291568386
2.7004089716117377,73.10127901032376
0.83884781353978,135.9761889780109
0.6920746029968466,3.8072592401429994
0.3909895495669583,7.87261477784797
1.7393073944283899,121.20575027456384
0.7067511062738302,13.824927043391796
2.5746494250560006,71.42928351289025
1.5195675226150263,126.18827466096342
1.3172119820299748,324.9095379173349
3.0257352348284816,78.71068666926472
0.5917491700178096,213.3096853829506
0.5930640156084406,347.45288331085266
2.327043129096995,71.48776160559622
0.7118541735867646,337.85191275951246
2.647696422063292,76.3415381932109
0.6367708845937279,18.083462202235204
3.0792152443920737,77.63987010545526
1.790907808013433,200.6656558865116
0.8310969339443997,333.4293819302995
1.5996815322382054,65.35358786573846
0.7086871420601982,167.96851835154325
0.829976069891592,334.7335982368233
2.675974416116626,74.27036775212787
0.7204643314306519,200.12386154304284
0.6898336003271422,11.03548300205655
2.6714211063675006,75.65394657351614
0.8183475437131711,171.6206255755219
0.6109552959363814,337.0769373665216
2.4363780630256198,73.88893977117067
0.5688159104053708,118.70869249072608
0.5839970892815712,18.743592303844448
2.261225182574981,74.09864530891114
0.360792162643077,195.63224599985983
0.9217942090705346,41.03612572692323
2.913785049561761,73.68155823642346
0.4428955517394401,275.98920039146174
0.7452667557462024,0.023470655357356172
1.69014663973184,10.776205108631318
0.35503513062727005,3.2639622824961934
0.6617408153155322,350.217380682231
1.460882868152656,6.68827476281786
1.9228563158305325,335.4939107597588
0.6712230998398143,20.001363422591737
3.4727418404582595,89.75069758021944
0.6126170450475047,91.45340092339485
0.5461521572852928,356.8425964500066
1.5374974338918475,46.61283166550757
0.30699065946480597,353.88642402482844
0.7197513392793573,37.13542835301731
2.2382376727977435,66.62850465435243
1.0880968838001914,290.8523868138481
0.9059016317373807,26.95695986161738
1.4594505811724356,8.75073732708142
1.3933282356639038,311.7392327038831
1.0705543812534202,25.98805383197477
1.9990918678518104,70.30074908472798
1.4134246498377732,302.00756151551377
0.5083822795663765,48.53503471691039
1.680849627243661,63.13454850613888
0.7547882484734052,0.12494721580208203
0.9128640901392968,65.95253074572857
2.281284976787442,69.79831249340417
1.009215990997725,287.7727751036747
0.6747963938012627,0.6731276727406911
1.386234658977556,51.135041177794584
1.0317481268412227,83.27320454867417
0.7917448044435192,17.02757623691217
1.7028568618507283,62.05024159509883
0.7847495840138964,308.1446999274991
0.672670845241383,341.70628606027
2.2485724150945328,74.01064794687227
1.3904562959619367,283.66818510621636
0.8154470466786262,41.929666509315915
2.3125029260877126,72.55919903632767
1.1081528050503764,302.5771691019575
0.48091903011511755,355.11327382007033
1.5141920294535802,44.07493773143701
0.8170889517299301,273.1582953687614
0.619800819552736,14.953236316165208
2.799461438895866,72.96084799774484
1.0298833392376348,34.43891232058865
0.6147955752631348,348.4160406983969
0.573637225304427,34.71674675625257
0.6850265417817296,41.85864957349337
2.981177859597686,80.09173696811916
1.1199278381816817,327.2658575768849
2.399915983494334,73.55225799820211
0.9851392742014614,253.88836630788097
0.7061003298097546,31.73046220669645
3.4366242885824385,75.48178598118476
0.8691964641063222,66.04115345335116
0.6761193695565207,328.30306985587725
2.2213051583036174,66.35771946850785
1.0002555122009056,71.8442079693585
0.9972785901632137,339.45326134250763
2.960251617511917,80.13343378809141
0.8533852909988897,251.87937905215887
0.7909290787398713,34.91551889919372
1.120751286004123,313.4627490035232
2.205955443197128,71.78142214793944
0.42773376430686627,64.51069259538347
0.6746288239058187,33.428718533366684
1.0099026385404988,286.7110089984135
2.422538734151043,64.04753132353427
1.0034953748585282,277.4874970875454
0.7577994913626761,339.75002130214557
1.7833221359007194,64.19501346671412
1.3838395120235913,314.6967640914711
0.6669839172956971,341.14203425084116
2.9865850983303863,70.85310622183921
0.649203036055827,22.68255385377392
0.7731276168344343,33.22287463394085
0.6613180593259279,275.7540366937586
2.8153563524289495,65.41701597892255
1.113232518370115,238.61800369774892
0.6983909169720312,13.29300316187553
3.2396677094837503,200.52917278943355
2.05603067378051,70.54538795134462
0.9751149896802961,326.76123018832345
1.039756689939286,22.034372848266013
2.1318049774802414,206.3326030315323
2.181067991456376,69.7494800007617
1.0217063204683594,260.7963646617543
0.8042934716169753,239.12544691199747
0.8099249182900042,38.52049622574572
0.9616099033225735,262.52162568531645
3.1405203859687396,67.19473985076758
1.0118798372914413,296.9776225871495
0.7570144635670195,20.70009269520755
1.210162065736433,234.76071417500646
2.5186741547636164,64.00877074055234
0.8477481285986732,60.44447934598595
0.7226756427112245,339.9692857211312
1.336780422281825,5.145610684638894
1.2173616611188043,320.12389229001644
0.9356052463901283,22.129052454668685
1.1796249355866357,227.81082507919427
2.621664204685162,64.9884312425695
1.3584965378713905,325.92275883241444
1.097895185023405,326.04384432865686
2.321087187127132,63.12867785447618
1.2035502515411254,308.8876182916216
0.735047185047504,330.6187555620213
1.7845784350909737,64.61893099798789
1.2944258621774791,276.4204592230287
0.5993282040475129,346.1917499247334
2.885376194546696,64.95009201041563
0.9340314062181909,308.7874474255838
0.7688210061794826,338.6101676809093
2.1195356119937414,70.43316939970921
0.8207286978657851,31.870362200152115
0.6544671293517013,339.4759358892589
2.658718174693316,72.83456598537397
1.0882310835647466,321.8188773101923
0.851436402922726,22.815300827237824
1.5115804434021691,35.84257594363113
0.518939870106016,346.2786467281753
0.7126319988220734,354.63988917983454
2.116940473025193,70.08147550984184
0.42329353572959305,298.94723487091005
0.8504067931525257,23.621023123130623
1.392767701984954,50.10548912323478
1.0872795762477316,261.5431948241032
5.054885584697016,1.8273257891153267
4.075488084381673,341.28726125441216
4.283321585873517,8.761031328546515
3.261025249505484,349.28836751180756
5.2583476459077465,305.90278007346177
5.016809789214833,308.9171010197492
7.1535887948947146,296.46524708198115
3.7396429791890395,26.342767587880363
1.668044861503006,28.09834706078336
3.0630294484101483,20.27075499599293
2.5942703288402735,36.49401105281045
1.5891764043314793,11.573873435470762
0.9283609667268886,358.3646619130415
2.0330359311982664,355.6165387665086
1.187141225442992,31.722592557959327
1.5251916105520547,2.361939766400388
0.9754295220760774,281.096278458985
4.648716384028053,29.36805015856196
4.2333182164569,22.73831140853001
3.7083180956779946,17.189286430679253
2.9765539168786472,12.201139157310992
1.8892812526667528,351.0044064127696
1.83419022252404,346.6148924044617
1.212697800416791,308.13409246985333
9.484890062260126,24.020965327184527
2.4521485294945373,10.509464748448446
4.913710973234213,16.91867147526938
2.255654295390226,343.679297010474
2.154024355368072,349.2612683194957
2.4862770075683542,18.93097234325192
1.6972532939993794,4.479944325244194
6.133159045753433,12.099606375574256
2.2117693784738286,341.71850342350143
2.2483094931541263,331.3445512569121
6.968478850917833,19.75294521885475
2.8753723987168214,5.928147530498263
1.5717924766783198,359.0383514327248
2.4916382377029014,17.100363652921384
1.7274182777551224,339.36259262961755
2.3699137990655754,288.4653539651157
3.01019460252659,337.5773521771375
4.252983025501837,12.824520002229042
5.57474091507102,13.360802276665142
1.1414761747262945,295.54583167858954
0.5768442034746545,60.821206375650966
1.025282477821089,315.8785989159858
0.6778121243901747,127.81996898219703
1.4321794047640812,153.17715614694595
1.6680679583354878,154.66731373635358
1.5381161993930728,155.90697764931377
1.341788110960227,132.4097170657977
1.306122787613762,126.3283665222943
0.29508435591439036,138.20587908295116
0.4541531018895336,19.502626943981024
0.07886950907491036,299.6952264582864
0.9789552338138954,338.6969442322841
1.0885986753037666,55.21952117970958
0.8792149888707288,69.86631396563456
1.229748423247157,40.793410761580056
0.5542394993208889,29.669334184634025
0.6523533273199592,57.08039600549572
0.5861224963859384,22.66100043378271
1.0604980234630021,26.486640371801585
1.0019309756995172,35.49346642669233
0.6104338178103953,85.34399958906825
0.67795709301885,53.264299088398324
1.4428148579641653,289.81607992932067
0.47437996938279076,15.521566820693561
1.0717212231462343,345.4840340261254
0.5684213320477035,5.9996716457656385
1.0491186444757163,349.75928617619417
1.2158812759072415,314.64872165539595
0.8779106299603483,34.137014167196504
0.8517681655699186,328.4840728652239
0.9421345493956649,345.36386467123356
0.3835458338030932,341.6906900609838
0.6077725157572592,357.30322507415104
1.1345550482103721,351.49427842475416
1.344308134504897,328.30139427349144
1.119864950632111,328.40529472153537
0.8533794778316363,53.29490082984114
0.9981266052980912,25.37617942363527
0.7261023836316852,20.42177529647589
0.7459294797167231,19.424030553044247
0.6566761647925417,97.00418775988408
1.0398728809268463,63.399666981896964
0.11823944503173014,322.2952835766531
1.2487983187656204,299.7959300477594
0.9717621899522788,298.61355640176345
1.0917712249327753,314.7592662638155
0.7704631079556347,301.4894356905701
1.0043849268308582,326.4656366500976
0.6101945272574325,302.86315722972734
0.8640542253303949,300.4361149001928
1.4730339669006889,335.0893760976597
1.8944829982244897,12.46114269278976
2.068009737549701,7.371581725920238
2.158226557897175,7.8238218750358595
0.25894044732858634,69.67075820439608
2.3873854920437827,12.567165444039768
2.2325967603287578,12.0998680511825
0.9610603236716095,35.34669228826508
3.5275684222247263,22.69508524786705
0.9210379400394629,358.90570038748456
2.9355805866450284,26.155179639245755
1.939167801535095,8.324589804608827
2.0629730430627133,7.838926798294503
0.8999697444946435,347.3613250597846
0.5694332492342017,20.028408736696115
1.2261349427020387,31.189513544122597
0.7722837921470365,348.24981940579994
3.4439155202096376,20.78582910725058
2.222310621644422,11.265658401773472
1.0750568589435958,25.775518067326786
1.3758840454271557,59.10879670365654
2.452287958690016,25.864448210555842
2.3263087545430516,13.998951310943768
3.6020896119134274,22.75050369886269
1.3290333776143934,32.17058261083945
1.3084519928171987,33.96385411112564
0.9050753199609869,19.69998576630991
0.8445923750072113,6.118776532371151
0.8938759049444456,124.55180191571344
0.5632259387027245,52.17035205079371
0.7953612176979893,46.500171367543395
0.8065778032198713,34.57732604903965
1.2293289830809222,72.86722372876048
1.1706505037880683,74.23301525829673
1.0714598567766402,57.88259965885179
0.6177254528404166,99.14914780573595
1.0240375793567458,76.18410061483696
0.6682632699038948,91.40402337533735
0.42771227385999777,89.67232468268713
0.9855556100877935,70.22655232279747
1.1182563810432207,79.79080029289683
0.914652362511457,63.552171716182954
0.576472346305343,96.15722400408384
0.9029224273803151,150.44720337280694
0.9874870199378896,73.01365292893534
0.5036566633976883,133.8688753374505
0.6794945497777446,141.41884604581148
0.9509214474774164,141.53280572127002
0.7862875743670747,59.321914457799366
0.7849924312302612,52.876642716613645
0.9967988219057445,143.03608866508273
1.0920276103595874,26.19001040388064
1.1313860381559877,60.90317286125111
0.5784167254652817,134.39547791255154
0.7702367450402229,114.31808704466351
0.718739385542392,65.11863287859859
0.6655635768415079,51.65640465038223
0.5126562776667432,109.20441646652762
0.7442729782735792,47.69436000024698
0.9146450581272411,57.10661747529695
0.14759556269424473,131.69750534411318
1.0925613932375018,19.64143334826907
1.1127297395515305,71.27082487981251
1.1069659137768053,66.99354720449308
0.5542554128055955,63.389553575122996
1.0149757669619122,67.05274416799826
0.31664433425270727,128.73459654810452
1.3492954113194917,66.42319761405788
0.521656729809475,33.38577635504624
1.1273203345359337,63.827480885520814
1.1694902255109823,358.70908377512615
1.0412578291385053,357.72008248170715
1.1623644257735064,20.98624051328425
0.7521051416974677,6.993039549412236
0.8833173561459506,39.36555064797558
0.6733301626540747,14.05297016332258
0.7792633936690461,18.78009580738667
0.5244846019191266,19.297991174866947
0.8087008920217363,23.080414323370487
0.6621020869310289,8.25098311599442
0.756559791912565,19.9199435992657
1.1662043489280511,17.02513216421337
0.9275667511864661,29.374548720731706
0.987560572987818,23.990046370604585
0.9012541263939959,21.742643212932528
1.1304781393518297,23.69506522193092
0.8959426553084447,25.47986175589222
1.2422489673885169,28.55856430539057
0.8547750995536544,23.497965103100857
0.735657616379463,22.141911178173384
0.9731007415508657,42.306316099128296
0.7613905793500099,4.559703855692272
0.804256152005848,39.509889533530774
0.9142056855944017,23.794286215131507
0.7704004294957234,37.91157145790045
0.212804460333733,52.45923491573442
0.7836579674524834,36.22600678726477
0.5435955704798063,21.51383680021896
0.9166673921947974,37.076499419884954
0.7049662932475308,31.33619793859307
0.7959598568021186,36.35431678458829
0.17246945878321995,6.109228415293793
0.8054453013942815,32.55179060085237
1.1722281931262004,2.917535909365802
0.8884414407967788,26.82259278677409
0.32858289045826794,43.65929395697944
0.8851854596167603,44.24155112603317
0.5655008094228414,52.97577872728196
0.8705007558500648,26.16088836711299
0.1672380983913954,50.96706624269066
1.3872937170237598,351.26073205910825
0.8248663504807475,33.15130850037538
0.9155205133280179,43.461837241675745
0.8054106869360619,35.95245110687049
0.9232627935499642,48.08875582814162
0.7775411403863528,38.21190196956386
0.9979824860200434,49.1383637532038
0.8211303351140012,41.69902673088605
0.8483967851090967,34.23391948032731
0.9056889538576619,39.683790966104134
0.9203170851080135,30.56417110407409
1.933808125897266,56.33049459333967
0.8927967317467638,24.650300446472006
0.6756423656917835,31.46225935036975
0.9797263158240763,39.62275753602099
2.3465399240226703,69.18923199599455
0.8962096673802569,33.72423410429834
4.520931163170373,20.419986412432266
0.9396324293451316,26.336852233981784
1.4140365469331857,51.745400680470055
1.0039094614423294,41.379992643775466
1.6843094890753103,57.457902466908635
1.0145500345737621,41.76700384867403
1.7840883495794408,37.32334151798718
0.8496200060854859,4.520712131051123
2.034569232163094,52.858444613496935
0.9406720822884966,32.635587875269074
1.6978193069234195,53.90319459411893
0.9129987850888581,30.7410906296352
1.7644795839313823,38.413383360752526
0.8780547322185395,7.568731438948702
2.3708645295826694,60.97964546709662
0.9239423890504909,36.11810041970909
2.1689916791894057,70.88401972576759
0.9194962147991615,29.73528124204749
2.592344541763829,70.7480765684662
0.9484756576680752,32.685358104581525
2.5907166377344066,70.23215535955704
0.9203170851080135,30.56417110407409
1.6092485863581991,54.738055589076154
0.5522500355784589,276.1237833104684
1.1673177802926904,11.931696476106014
2.0657531540207756,18.14330572966868
3.3081022960304547,268.1257863611687
0.586149281752222,242.79836974966463
1.8164165285401703,270.8168286916771
3.8878149041916115,23.966700900978992
3.7076932794856097,264.4276450054242
1.3995528126069645,240.86293216737195
6.021504242552484,21.1422257881764
2.163814228934517,244.91140822372208
3.5533294163776152,265.53626789899903
0.880339745129214,250.56020029627155
4.9672759057541604,233.52354959722
0.4180930316923906,4.332369673095976
4.520832929854712,264.7219282497526
0.3347293523244359,257.768831563311
2.7694978690061536,271.3276598886319
1.9090301688576135,243.58289808190338
4.714914451548014,17.854603914730717
2.055393806343554,244.58730587945325
2.6447940894551563,271.22214743080474
1.4205991124885315,239.90271216345246
2.062932615655408,302.6633482888334
1.2011863675426189,23.50391011413941
2.838268798802219,273.4312516278525
0.47839525285825013,24.518639297371113
4.542083992278607,18.98919327948468
0.8073564952564319,249.41394697517526
4.034945967906589,279.0802009722428
0.561908286838558,287.6351437783828
3.9742603522804107,27.473696230606645
5.224676119254075,235.24921301016388
2.993879895354836,24.948439208684125
4.274194971061837,275.42677478194724
0.310567467146001,269.63580631174057
3.233340839939635,229.34898263669882
0.9036659258424409,242.03183822471908
4.431965844554853,255.02323635887888
1.3569090588438149,231.4226954728218
5.569678112298148,21.076371956833697
1.0871411473223789,220.9529590079657
1.4471238776755255,253.97061539767742
1.313162032742854,240.36581169498635
0.29384556104752435,88.41930925806271
1.1768269884418783,240.83471379770006
0.6027279414127041,60.22024287488974
1.1993895113838773,243.40747874137654
0.34217254794472085,173.4120935784704
1.0796806995265964,238.93422546110114
0.2706790629306905,107.61849776530146
0.5074258846755119,193.43214625271963
3.484771840372328,267.3413577736143
1.4435786892956541,232.5563961410352
1.9331408899634577,264.884268481528
0.781973615595314,103.42973515433754
5.187939425747546,237.8138433068081
1.3838765303730651,232.80961020942004
2.5089512696497143,266.9459047345496
1.2241055081938115,224.58647207365667
5.472650668813814,232.7288758850647
1.2498028910539323,234.73506367659417
0.8960777550957879,99.26291447013169
1.451337781636243,235.17242125861435
3.9695670512885006,254.73197946888456
1.4415344828134347,242.23460561212127
1.2845623792473022,107.58945286739016
1.3765713612922978,242.5301219638665
0.8903231351910093,130.8983029178814
1.313162032742854,240.36581169498635
3.4008038518319355,239.75337179549132
1.4277041576896259,237.43901716541666
1.9193099049207394,98.64429353288858
1.2276888725089137,230.87426659651308
4.529131313689409,238.98759179986348
1.078298459683791,221.26507435836933
3.1329480593664396,265.87259868807615
1.198699665829242,229.6521377524271
4.831829310192879,240.82335555066425
1.3789306063842641,234.78293023573877
0.7569774192471204,146.03831943037443
0.9019022056000225,257.54527137575315
1.7426505811661357,66.6001619021013
1.213556370419711,246.46516483814247
4.260702090748577,257.87056404506984
1.4613876310135443,253.79094219065445
0.28801269836909166,226.62797354659162
1.0401782762030929,244.69089313966262
5.1417039814885905,236.63646572700196
1.2280773971145817,246.78557473751007
0.6075577871294241,285.09630922533006
1.4843490545592186,253.5620617090243
3.7399031632106214,257.23886478997946
1.2092342587769664,246.66850546784565
0.711034772001933,126.04262251830151
1.0498923182157691,246.43554117270247
5.351431209327012,233.5878085363288
1.380659226219829,253.90184448562655
4.497805625573344,247.86326612453644
1.2368767366847424,245.43584280230095
1.5164554434834256,95.46272556806994
1.4843490545592186,253.5620617090243
1.1891075383848806,112.14418177833684
1.4294038716511455,245.49407248697895
4.3769178930826085,256.96679219872124
1.3839621426684112,238.71003222355685
0.4740168325991767,212.93611226544533
1.4569170706383991,253.09565137844476
0.645623083085665,199.23845333285692
1.2058807004241863,250.94211209597503
1.348544863959875,121.07758196867648
1.25377000682625,251.33674223152678
4.944825894141764,235.19248433930784
1.4624555595429123,253.8233414125424
2.743590537609191,226.45666717916947
1.2201500082816592,246.15164143591238
0.5923066476724463,197.16289183470667
1.3839669732144633,252.38446451799408
0.9585271115719902,185.7213680251221
1.3046345461800828,254.52125803243018
1.816054282503332,88.50722741797297
5.074455424393227,299.52620969270924
4.353150541310459,26.293258538893628
4.05668881058686,55.48004099333674
1.8199105373149442,338.8665521192316
1.6512524021715753,69.01674795625885
2.594619908714745,72.07690366635646
4.313976820225987,46.43162267078981
0.7958688230569775,210.49122086978343
1.5062931108792912,79.49331497179911
1.7772607665013311,58.384393832277205
2.768800143263591,17.258752924407226
6.066677176565216,27.907998025532184
8.906562431914272,330.29172389158975
6.165624225408475,4.994794870233985
9.86191134207923,325.9865642170041
7.406366918184,343.91079325948573
5.412016981574261,343.405214814317
9.119480112476664,333.6546708983854
8.48162719568999,323.9444277149454
9.176183533924943,332.298678615033
8.409646008311567,337.52747444683433
7.749092275859623,343.58593199049557
9.38144324921579,329.9282575801164
9.358904331046066,328.72805798984496
8.626694771481866,332.87547881372416
7.622828245140167,345.11812237287205
9.943976695641304,325.4727278027008
4.734495832229216,341.6777658950901
7.482161871465243,346.2357737373434
9.758315763916688,326.7441927303924
9.870501015865052,326.0287907784896
7.267522999168054,337.45071039728026
9.408804975930877,326.77838450648176
9.562291590939838,326.3712382440663
8.623075685952005,332.6053670940425
7.195458131074309,343.25487232657593
8.02160086162694,329.75890581555365
8.615274443778397,326.96762414433204
9.339477102736799,327.1153817228384
8.516189820273546,330.829778545497
9.453709034449185,325.6983388179914
8.838621979322243,325.0961625696255
7.143147439076451,326.5599961820667
8.285350759918936,329.710191748223
7.63531341520189,331.07341601058715
6.976708801911318,320.8660005061223
9.414963569607956,326.20959659241834
9.506576936753085,326.3295317676699
8.593885670863955,333.8842855155978
5.302042332142057,23.399601051870903
4.789605565461556,24.37400220925059
6.158757953843881,25.04747382421281
7.2913429249898485,24.499816570999172
2.920316093847332,25.239133797278953
5.539929118390727,24.990246095731806
4.315719253425945,21.03561098972229
7.507431692868254,24.42968966808015
4.880351629641076,19.80866207962735
4.538213506757011,26.402608958947187
2.9249255108595955,2.71866242317031
5.845783182326196,22.98800620525642
2.9638534476042233,8.131008122401278
7.8530186918901554,25.663208160598025
3.616983017457532,10.608933954030315
4.871274537280298,26.54626563565092
0.6270055503063585,263.5426595096179
3.166313041215753,6.018301816360089
3.075329150378532,10.837535585145137
3.9397741564365902,21.58669930705974
2.5481428884926802,3.433914671982596
3.106643304970898,7.533983528322386
3.8973481831938255,179.07273987035424
1.847892134793909,341.6513247276708
3.430247336131552,11.192121744237214
3.628429017144013,17.133984546467598
0.6083612541473544,290.82220745609936
3.5119693570085686,11.027745674010824
3.0718767158041884,0.8557755884999212
5.728254051392387,22.767219853449728
4.849245422508359,7.635928459577028
2.8341560323830794,355.77858939981724
0.9748676896305941,257.3925088531447
3.639705166773357,343.87338404101087
1.4603412125011683,245.80629241126235
4.179683476634125,334.59906285588994
3.4693632098788316,344.97423219165296
0.6930634914228438,39.47667993440817
2.900858799376256,323.2700649107281
2.471559452799615,343.66192426447503
5.859067160599719,22.200126701657187
7.904463826105385,24.047996122364466
6.027590293196365,22.47959939243223
6.096279397021514,23.583761543266352
5.959631187297846,23.189704576885816
5.9196361065409855,23.183653311216403
5.738334550919742,24.125242804730963
6.123591749496121,23.502025761084845
3.8515562705853124,26.354332927142373
6.091880390419654,23.880927681555576
3.081724070649728,29.891994250390812
5.48624743233602,23.732477723422644
5.506373075989745,25.647151757662
5.503351505790435,23.23973862117486
1.0776038870881353,307.6902633770617
3.516496361876461,32.18267195058951
4.490833853586715,25.83132979053372
5.3850324126315705,22.988857901442753
0.9335254317393953,0.9474682428139496
1.330648956309312,315.32679911644595
1.6197786165437975,13.807556383173148
3.290764426678621,28.774529262371814
1.1471860694983527,240.60042007447808
4.216789287112261,29.477621844191063
1.1671940284075202,313.7033261466676
1.7738113212950748,17.041806397006514
5.818433126134366,180.96143459225456
1.9284285026959995,15.512943084788224
3.8662254218628855,25.392560460032392
1.104024889457658,319.5461482165001
1.1742278208782408,313.20082493980004
3.089781565707003,34.55558205606465
2.8480251212603807,206.19544178368275
1.2105440226874624,317.2465680574547
5.288660650900565,179.59988249501043
1.2438509702011267,333.09510488638375
1.8963133281226425,32.231181863311846
1.0680988023335962,317.5556171772261
4.623463871560771,27.920621471664916
1.7719992888574174,15.430349040168826
1.4825662255504384,20.934790823243432
2.5881458190434032,25.2697957005098
2.5455418251180264,24.609455439264227
2.6589160057560735,24.59690260885757
3.3782251388396345,25.15725209029999
3.458586293273303,23.961217560418145
3.393210184212192,24.661882147144148
5.046489058957595,23.11386300666738
3.4890310754731853,23.55878597193443
3.8396471511838404,23.955370879196813
3.5750521027570183,24.63881447515196
3.812408679233695,24.089315980847662
4.337858486323638,22.29247438540757
4.737803111074555,22.420751166903294
4.42175226039837,23.181920762510533
6.163998939141751,23.399249158851834
4.648467096099212,22.528636850513355
4.546221400634958,22.620511651418134
4.748027935878557,21.08195839260309
6.627690756037038,23.395663785035428
4.5713534638260205,21.90904745287689
4.947483098180449,22.33804086724654
5.772723798338904,23.29939874334585
6.495208126893486,23.65911887727934
4.681429234470682,21.38829425755064
6.273713954238989,23.419917914665685
4.588600133683141,22.53849727319433
6.5179994053435095,23.68402056128179
6.385828324383809,24.349080607141374
6.459065753785882,23.5734263864071
6.342107740524573,23.247481252875836
7.171512174045368,23.773523820191357
6.118488205898199,23.64678612140969
6.713011082542815,23.749910358000616
6.4286952119384235,23.256726174533615
6.931815953304801,23.78222189715962
6.178431688583033,23.473718811626227
7.129704775228511,23.927565498234372
6.606009460921545,23.622926435237268
7.0116985980187785,23.804930789252822
4.791495982428738,36.63513151868122
1.9823856424964434,18.086030477870892
7.2794271631508085,291.2556892014766
2.4753187851333647,318.91782383653253
2.620684482657798,86.05362480377623
1.0290976780379508,224.73621198561466
4.177662118029067,332.4944834622937
6.394204010323041,279.60058878946916
2.49662227612658,25.173314684156455
5.8461620921785595,20.120052326420385
5.80935819801938,18.961923123017876
6.117242700530331,19.678664436957472
6.625116619818615,19.776796498418392
5.828875509761072,19.734991021707557
6.290077741480953,19.79997613162498
5.64276440439273,19.591218664378925
6.488645374079536,20.65232881372525
6.264306634793938,22.017287326281473
5.763700471024148,21.121635736398783
6.055313221598058,20.875326780943418
4.407331765590208,19.336979492462405
6.330048297318086,21.998218424565117
6.2916452070959386,22.412240293087702
6.164788210158276,21.708680926132168
5.753573289965264,20.680694772586413
6.205749728632455,20.533510868492534
6.418072286951499,22.424021254606654
6.751321169699206,22.26285698472201
5.047139042709113,22.179950693894398
6.8045982282713355,22.2572783959478
5.40310601756108,22.959349614069914
6.484381782285689,23.031203766693608
6.36034430327251,22.79292253750765
5.8811051775766785,22.630216279456814
3.4116017878827196,25.007779595514858
7.0351887192852365,23.109008504844088
4.557693709227388,20.674316227363086
6.391620899879253,22.24480171456764
5.714960225712688,20.839265035691753
6.684329808670377,22.52046585483162
4.855703247415856,20.82821549532493
7.016476434568381,22.312496689235683
6.44385349378483,21.75509096654203
6.639836230768601,22.246968360582894
4.783861634762111,21.768678490712933
6.8226287659941285,22.671029558050602
6.682846900117997,22.089428470148572
5.824083391886186,21.69251493215882
2.034590129183016,276.55024445210177
5.629715187165409,300.3149207581828
3.58270868104108,346.85280951395873
3.7417861606650407,288.01050978256404
3.7383694906525733,49.86674850078681
5.551687309650173,311.0281119750667
2.2586823043430244,27.775524497211116
1.1800401328837014,13.563304869344478
0.5342211752446525,299.78209866620443
0.4270745063747462,280.6574800080735
0.8106124829892023,293.32237561649913
0.789841968935298,307.77066381105385
0.955351126926612,307.3219050110355
0.8923163198640961,309.684117406888
1.0536706805906628,315.5327590361744
0.7990475404310338,283.46346853428963
1.2732021311121369,314.34178376950234
0.7788904404471518,284.57689959649247
1.0060974130620928,309.52504174495994
0.9411137332300611,276.45324453195053
1.1511476309358604,321.8337119053846
3.4493988439558017,15.48008879192343
0.1858852838178879,313.03182129296636
0.8080338894477174,298.4652759783411
1.0189015392381475,302.86774145943707
3.0739374256475975,25.106226318634423
0.8467857889937401,253.61236468986516
0.5208411893800446,286.6555290394448
1.157730711960129,317.62988705466955
0.7583386694804816,308.5091063645629
0.6525112770054367,294.71101977522596
1.8389928772424071,17.284499187830555
0.8000984908180004,272.58718267927566
0.7091750880289401,270.31212619795906
0.6426623982889926,274.8208972528761
2.001559352380458,25.930154819549838
0.48929706474811063,30.525833441016164
2.059419676214783,24.044397364937854
0.6569155678682175,266.60618384661024
0.7968145704486964,11.690704505492814
0.7235622274026547,262.522845050507
0.3444422002464933,308.0337640803655
0.32807291636894287,344.6698112901461
3.6920725042686087,17.588487863808236
0.4480545914523948,1.248252616492464
2.078671590179805,25.324838590120088
0.8490211950067885,301.2148281007285
2.175937106979495,26.987477067555428
1.5258052318313045,329.5931054157367
1.071222336188243,306.3024503677119
1.424632528027351,281.86847547250784
1.671425936741824,337.24245503625747
1.0083528404060895,296.65887424533855
0.941082358338925,339.8743946934101
1.2191768077950909,308.33740306360824
1.0746745540102987,322.92717113380223
0.9421500784081848,268.8104080912292
1.1346351128323349,336.0953798559969
0.8400835659104305,300.3834258700103
1.2129346072049434,314.30377760090295
1.2984747158685643,308.5905806637321
2.7303771440291436,23.85516689114001
1.2839363001402384,305.1210927601579
2.01916166117872,7.4156947885673565
0.6865219952203381,288.65021299436813
1.6465627928757343,1.1839608638225194
1.3368035867287837,284.4373913988777
0.9185275369380835,329.7732897934237
4.297070811699584,24.353511711552407
3.244972697141409,18.199858133846792
0.49733477927119707,256.95010363572663
1.07813664151354,328.5580921504954
1.1786974998549564,315.1067986632459
1.8303540318616474,353.3067053849101
1.2374987544620557,305.3214568769114
1.053692485574029,332.7522823799991
3.2789588152003217,26.101015598104702
3.6570326137359,16.57603109770758
1.4191439009947748,336.16031340450644
0.9673321588380043,329.79355180331055
0.19575730684756554,305.09390689279337
0.7710237778999176,276.81738795223333
1.4170065519508641,342.02678301227485
2.1460570135260157,15.621853613112952
1.5211038681251905,329.53235221545134
1.27357893266583,341.70975018022335
1.5004398886330037,327.72192326831214
1.176372502830787,333.63496279286335
1.335903284307716,251.4244304571145
2.09062237330002,16.195313387755892
1.0183875544424745,266.4994964264192
0.9889063597631211,281.8149864980918
1.0144191371915006,291.24653486037215
0.8763443716068594,303.6505135111122
1.0334731746822705,301.38306879514494
0.7413686677697571,291.6509498586513
1.042459230303108,292.60453837793136
1.8333979073618363,270.8407993954396
0.9050721733888728,303.8610474759677
1.0185368224899503,295.0184888769635
0.9477961702526082,306.38408202717864
1.9143347240466024,215.08783233230696
0.5936468892200024,303.48900060451206
4.3293538354158425,160.43392803755478
1.0296086495011016,224.9620520007043
0.9828123877292263,292.1339891830212
1.0870126323906746,284.1257470506963
0.9458974942892179,302.7415548340049
0.957276444842633,231.93891917955096
0.782509068675719,298.767432297119
0.5756321652172081,294.2725060534915
0.9644939620259492,297.61099259284083
2.1132345369969685,256.5061024520912
1.004844736306087,293.00670425544166
1.6731404870722792,269.8347865968958
1.0011859085116352,296.49277095367086
1.7450733176167887,258.55572379831904
0.8692035371199822,296.37331360758117
0.6426021063126507,141.4979684423462
4.560520914875225,17.932011038762624
0.3331658467521952,275.6812764394806
0.8926633882349324,297.84182197762925
0.8810424559243594,295.9717439062413
2.5865138821791582,248.48760106301796
0.8925683661618291,295.28361632288903
0.6656679387806168,300.16418867885136
0.8810424559243594,295.9717439062413
0.022348227600767243,102.26158763645134
0.790281711761325,204.29438430632177
0.8740480278193445,294.81018995892833
0.7283513929582239,314.1127117321588
4.420643416672169,292.6071637747127
4.793881270034569,167.94948234471767
4.92398613966633,315.052633982882
1.2542620267026037,1.5379049867012609
3.9788679607025568,27.564261221520784
2.382507267543092,340.68359313964044
0.8082279869144877,291.7020780313189
0.5529970231655663,263.217813133728
0.9043417245194684,297.4315391235523
2.465166636755307,244.58373229046305
0.8534216993181623,295.8282426169331
0.9560859010275138,253.11297415528725
0.8099631512446008,301.9478975814228
2.6171197256578753,246.3550887765091
2.9374994313846217,244.86122995909858
2.5113491288515175,217.82238647134946
1.0172514851512284,292.2482935037432
1.9438483389456709,241.33832894176498
2.5702665187567035,246.25514630199933
0.8963389862267117,295.0215505745621
2.7808647635432484,246.65981096467877
0.8497096577922904,296.1070880917505
2.867569217052991,205.8009545796138
1.9409239133291816,243.92170295537662
0.8378861644755004,296.52558206238126
0.9077483682949776,197.80043761268644
0.23669086826918004,283.53738500598445
2.779813934222902,231.5648597862179
0.8963389862267117,295.0215505745621
2.7336225910364207,242.0586682371503
0.8363901016061074,294.6415331525887
2.2613705760219807,235.4745265322927
0.8556104243265106,292.65318227288174
2.5783653724160294,246.73111270105392
0.5224730275237341,282.5223039252723
2.4851200429411557,248.02427169169997
0.8383423562296574,296.84157626925344
2.23862281781134,259.9552503034628
0.6205350879717986,294.01149101697683
2.4114125974219482,237.04854399667548
0.6603417670061479,231.41190463816247
1.7547332281344286,334.12285935607645
2.1841403900842415,257.75390905346785
0.8556104243265106,292.65318227288174
2.6203649120003702,236.15771627140245
0.8810424559243594,295.9717439062413
0.7597924981909168,305.7415775923557
0.8843989687411025,295.4034239505245
1.0446492442910549,239.65167840753537
